unit_order,unit_id,unit_title,source,word_index,seq,jeju,standard,partOfSpeech,eng,soundUrl
1,family,가족과 사람,existing_110,1,702,아방,아버지,noun,father,https://www.jeju.go.kr/api/culture/dialect?dialect=702
1,family,가족과 사람,existing_110,2,713,어멍,어머니,noun,mother,https://www.jeju.go.kr/api/culture/dialect?dialect=713
1,family,가족과 사람,existing_110,3,7568,하르방,할아버지,noun,Grandfather,https://www.jeju.go.kr/api/culture/dialect?dialect=7568
1,family,가족과 사람,existing_110,4,7569,할망,할머니,noun,Grandmother,https://www.jeju.go.kr/api/culture/dialect?dialect=7569
1,family,가족과 사람,existing_110,5,2695,오라방,오빠,noun,brother,https://www.jeju.go.kr/api/culture/dialect?dialect=2695
1,family,가족과 사람,existing_110,6,544,성,형,noun,older brother,https://www.jeju.go.kr/api/culture/dialect?dialect=544
1,family,가족과 사람,existing_110,7,581,아시,동생,noun,younger sister or brother,https://www.jeju.go.kr/api/culture/dialect?dialect=581
1,family,가족과 사람,existing_110,8,2748,조캐,조카,noun,nephew,https://www.jeju.go.kr/api/culture/dialect?dialect=2748
1,family,가족과 사람,existing_110,9,6729,큰아방,큰아버지,noun,The eldest uncle in father side,https://www.jeju.go.kr/api/culture/dialect?dialect=6729
1,family,가족과 사람,existing_110,10,372,각씨,아내,noun,the previous year,https://www.jeju.go.kr/api/culture/dialect?dialect=372
2,body,몸,existing_110,1,2775,가심,가슴,noun,breast,https://www.jeju.go.kr/api/culture/dialect?dialect=2775
2,body,몸,existing_110,2,3139,손콥,손톱,noun,fingernail,https://www.jeju.go.kr/api/culture/dialect?dialect=3139
2,body,몸,existing_110,3,3138,발콥,발톱,noun,toenail,https://www.jeju.go.kr/api/culture/dialect?dialect=3138
2,body,몸,existing_110,4,3089,입바위,입술,noun,lips,https://www.jeju.go.kr/api/culture/dialect?dialect=3089
2,body,몸,existing_110,5,2914,멘손,맨손,noun,hands,https://www.jeju.go.kr/api/culture/dialect?dialect=2914
2,body,몸,existing_110,6,2913,멘발,맨발,noun,feet,https://www.jeju.go.kr/api/culture/dialect?dialect=2913
2,body,몸,existing_110,7,2778,갈리,갈비,noun,rib,https://www.jeju.go.kr/api/culture/dialect?dialect=2778
2,body,몸,existing_110,8,2828,귓밥,귀지,noun,ear wax,https://www.jeju.go.kr/api/culture/dialect?dialect=2828
2,body,몸,existing_110,9,3001,세깍,혀끝,noun,end of tongue,https://www.jeju.go.kr/api/culture/dialect?dialect=3001
2,body,몸,existing_110,10,2917,모감지,멱살,noun,neck fat,https://www.jeju.go.kr/api/culture/dialect?dialect=2917
3,food,음식,existing_110,1,6775,옛,엿,noun,"Yeot, Korean bon bon",https://www.jeju.go.kr/api/culture/dialect?dialect=6775
3,food,음식,existing_110,2,3544,청,꿀,noun,honey,https://www.jeju.go.kr/api/culture/dialect?dialect=3544
3,food,음식,existing_110,3,6747,소곰,소금,noun,Salt,https://www.jeju.go.kr/api/culture/dialect?dialect=6747
3,food,음식,existing_110,4,3451,둠비,두부,noun,tofu,https://www.jeju.go.kr/api/culture/dialect?dialect=3451
3,food,음식,existing_110,5,4300,고치,고추,noun,chilli,https://www.jeju.go.kr/api/culture/dialect?dialect=4300
3,food,음식,existing_110,6,6762,시리떡,시루떡,noun,"Siruddeok, Korean rice cake",https://www.jeju.go.kr/api/culture/dialect?dialect=6762
3,food,음식,existing_110,7,3419,곤죽,쌀죽,noun,rice porridge,https://www.jeju.go.kr/api/culture/dialect?dialect=3419
3,food,음식,existing_110,8,3433,넹수,냉수,noun,water,https://www.jeju.go.kr/api/culture/dialect?dialect=3433
3,food,음식,existing_110,9,3525,조축,조죽,noun,millet porridge,https://www.jeju.go.kr/api/culture/dialect?dialect=3525
3,food,음식,existing_110,10,6750,소쥐,소주,noun,"Soju, Korean distilled liquor",https://www.jeju.go.kr/api/culture/dialect?dialect=6750
4,verbs,움직임 (동사 기초),existing_110,1,6892,놓이다,놓다,verb,Put,https://www.jeju.go.kr/api/culture/dialect?dialect=6892
4,verbs,움직임 (동사 기초),existing_110,2,7144,페우다,펴다,verb,Unfold,https://www.jeju.go.kr/api/culture/dialect?dialect=7144
4,verbs,움직임 (동사 기초),existing_110,3,7085,익다,읽다,verb,Read,https://www.jeju.go.kr/api/culture/dialect?dialect=7085
4,verbs,움직임 (동사 기초),existing_110,4,7073,앚다,앉다,verb,Sit down,https://www.jeju.go.kr/api/culture/dialect?dialect=7073
4,verbs,움직임 (동사 기초),existing_110,5,7071,씨다,쓰다,verb,Use,https://www.jeju.go.kr/api/culture/dialect?dialect=7071
4,verbs,움직임 (동사 기초),existing_110,6,7061,싯다,씻다,verb,Wash,https://www.jeju.go.kr/api/culture/dialect?dialect=7061
4,verbs,움직임 (동사 기초),existing_110,7,6980,무끄다,묶다,verb,Tie,https://www.jeju.go.kr/api/culture/dialect?dialect=6980
4,verbs,움직임 (동사 기초),existing_110,8,6967,메다,매다,verb,Fasten,https://www.jeju.go.kr/api/culture/dialect?dialect=6967
4,verbs,움직임 (동사 기초),existing_110,9,6930,들르다,들다,verb,Lift,https://www.jeju.go.kr/api/culture/dialect?dialect=6930
4,verbs,움직임 (동사 기초),existing_110,10,6919,도왜다,돕다,verb,Help,https://www.jeju.go.kr/api/culture/dialect?dialect=6919
5,adjectives,상태 (형용사 기초),existing_110,1,7157,히다,희다,adjective,White,https://www.jeju.go.kr/api/culture/dialect?dialect=7157
5,adjectives,상태 (형용사 기초),existing_110,2,7329,하다,많다,adjective,Many,https://www.jeju.go.kr/api/culture/dialect?dialect=7329
5,adjectives,상태 (형용사 기초),existing_110,3,7299,지프다,깊다,adjective,Deep,https://www.jeju.go.kr/api/culture/dialect?dialect=7299
5,adjectives,상태 (형용사 기초),existing_110,4,7170,넙다,넓다,adjective,Large,https://www.jeju.go.kr/api/culture/dialect?dialect=7170
5,adjectives,상태 (형용사 기초),existing_110,5,7256,알리다,아프다,adjective,Sick,https://www.jeju.go.kr/api/culture/dialect?dialect=7256
5,adjectives,상태 (형용사 기초),existing_110,6,7288,조랍다,졸리다,adjective,Sleepy,https://www.jeju.go.kr/api/culture/dialect?dialect=7288
5,adjectives,상태 (형용사 기초),existing_110,7,7192,물르다,무르다,adjective,Soft,https://www.jeju.go.kr/api/culture/dialect?dialect=7192
5,adjectives,상태 (형용사 기초),existing_110,8,7279,요망지다,똑똑하다,adjective,Smart,https://www.jeju.go.kr/api/culture/dialect?dialect=7279
5,adjectives,상태 (형용사 기초),existing_110,9,7235,서느럽다,선선하다,adjective,Cool,https://www.jeju.go.kr/api/culture/dialect?dialect=7235
5,adjectives,상태 (형용사 기초),existing_110,10,7296,지껍다,기쁘다,adjective,Delightful,https://www.jeju.go.kr/api/culture/dialect?dialect=7296
6,house_clothes,집과 생활,existing_110,1,3372,초집,초가집,noun,thatched cottage,https://www.jeju.go.kr/api/culture/dialect?dialect=3372
6,house_clothes,집과 생활,existing_110,2,3296,안거리,안채,noun,inner house,https://www.jeju.go.kr/api/culture/dialect?dialect=3296
6,house_clothes,집과 생활,existing_110,3,3356,지엣장,기왓장,noun,tiled roof,https://www.jeju.go.kr/api/culture/dialect?dialect=3356
6,house_clothes,집과 생활,existing_110,4,3373,추년,추녀,noun,protruding corners of Korean eaves,https://www.jeju.go.kr/api/culture/dialect?dialect=3373
6,house_clothes,집과 생활,existing_110,5,3301,알녁거리,앞채,noun,front house,https://www.jeju.go.kr/api/culture/dialect?dialect=3301
6,house_clothes,집과 생활,existing_110,6,6783,우티,웃옷,noun,Upper garment,https://www.jeju.go.kr/api/culture/dialect?dialect=6783
6,house_clothes,집과 생활,existing_110,7,6782,우투,외투,noun,Jacket,https://www.jeju.go.kr/api/culture/dialect?dialect=6782
6,house_clothes,집과 생활,existing_110,8,6780,옷짓,옷깃,noun,Collar,https://www.jeju.go.kr/api/culture/dialect?dialect=6780
6,house_clothes,집과 생활,existing_110,9,807,빈네,비녀,noun,ornamental hairpin,https://www.jeju.go.kr/api/culture/dialect?dialect=807
6,house_clothes,집과 생활,existing_110,10,6786,이불자리,이불요,noun,Bedding,https://www.jeju.go.kr/api/culture/dialect?dialect=6786
7,animals,동물,existing_110,1,1957,강생이,강아지,noun,dog,https://www.jeju.go.kr/api/culture/dialect?dialect=1957
7,animals,동물,existing_110,2,2020,도새기,돼지,noun,pig,https://www.jeju.go.kr/api/culture/dialect?dialect=2020
7,animals,동물,existing_110,3,1969,고냉이,고양이,noun,cat,https://www.jeju.go.kr/api/culture/dialect?dialect=1969
7,animals,동물,existing_110,4,2493,청벌,꿀벌,noun,honey bee,https://www.jeju.go.kr/api/culture/dialect?dialect=2493
7,animals,동물,existing_110,5,2471,불한듸,반디,noun,firefy,https://www.jeju.go.kr/api/culture/dialect?dialect=2471
7,animals,동물,existing_110,6,2468,베록,벼룩,noun,flea,https://www.jeju.go.kr/api/culture/dialect?dialect=2468
7,animals,동물,existing_110,7,2275,물이실,해파리,noun,jellyfish,https://www.jeju.go.kr/api/culture/dialect?dialect=2275
7,animals,동물,existing_110,8,1879,그레기,기러기,noun,goose,https://www.jeju.go.kr/api/culture/dialect?dialect=1879
7,animals,동물,existing_110,9,1987,납,나비,noun,butterfly,https://www.jeju.go.kr/api/culture/dialect?dialect=1987
7,animals,동물,existing_110,10,2452,베염,뱀,noun,snake,https://www.jeju.go.kr/api/culture/dialect?dialect=2452
8,nature_plants,자연과 식물,existing_110,1,3955,신속,쑥,noun,sagebrush,https://www.jeju.go.kr/api/culture/dialect?dialect=3955
8,nature_plants,자연과 식물,existing_110,2,4188,강낭대죽,옥수수,noun,corn,https://www.jeju.go.kr/api/culture/dialect?dialect=4188
8,nature_plants,자연과 식물,existing_110,3,4230,사당대죽,사탕수수,noun,sugar sorguhm,https://www.jeju.go.kr/api/culture/dialect?dialect=4230
8,nature_plants,자연과 식물,existing_110,4,4163,곡석,곡식,noun,crops,https://www.jeju.go.kr/api/culture/dialect?dialect=4163
8,nature_plants,자연과 식물,existing_110,5,4316,드룻마농,달래,noun,wild garlic,https://www.jeju.go.kr/api/culture/dialect?dialect=4316
8,nature_plants,자연과 식물,existing_110,6,4348,짐,김,noun,seawead,https://www.jeju.go.kr/api/culture/dialect?dialect=4348
8,nature_plants,자연과 식물,existing_110,7,4317,들굽,두릅,noun,shoots of a fatsia,https://www.jeju.go.kr/api/culture/dialect?dialect=4317
8,nature_plants,자연과 식물,existing_110,8,3958,베,배,noun,pear,https://www.jeju.go.kr/api/culture/dialect?dialect=3958
8,nature_plants,자연과 식물,existing_110,9,4464,포두,포도,noun,grape,https://www.jeju.go.kr/api/culture/dialect?dialect=4464
8,nature_plants,자연과 식물,existing_110,10,4465,피파,비파,noun,loquat,https://www.jeju.go.kr/api/culture/dialect?dialect=4465
9,farming_sky,농사와 하늘,existing_110,1,1553,물밭,논,noun,field,https://www.jeju.go.kr/api/culture/dialect?dialect=1553
9,farming_sky,농사와 하늘,existing_110,2,1583,조팥,조밭,noun,millet field,https://www.jeju.go.kr/api/culture/dialect?dialect=1583
9,farming_sky,농사와 하늘,existing_110,3,1380,걸름,거름,noun,fertilizer,https://www.jeju.go.kr/api/culture/dialect?dialect=1380
9,farming_sky,농사와 하늘,existing_110,4,1655,밭갊,밭갈이,noun,plowing,https://www.jeju.go.kr/api/culture/dialect?dialect=1655
9,farming_sky,농사와 하늘,existing_110,5,1524,메터,모판,noun,seedbed,https://www.jeju.go.kr/api/culture/dialect?dialect=1524
9,farming_sky,농사와 하늘,existing_110,6,52,언비,찬비,noun,cold rain,https://www.jeju.go.kr/api/culture/dialect?dialect=52
9,farming_sky,농사와 하늘,existing_110,7,42,새벨,샛별,noun,morning star,https://www.jeju.go.kr/api/culture/dialect?dialect=42
9,farming_sky,농사와 하늘,existing_110,8,31,베락,벼락,noun,thunder,https://www.jeju.go.kr/api/culture/dialect?dialect=31
9,farming_sky,농사와 하늘,existing_110,9,266,하늬,북,noun,north,https://www.jeju.go.kr/api/culture/dialect?dialect=266
9,farming_sky,농사와 하늘,existing_110,10,258,앞,남쪽,noun,south,https://www.jeju.go.kr/api/culture/dialect?dialect=258
10,expressions,표현,existing_110,1,7557,무사,왜,adverb,Why,https://www.jeju.go.kr/api/culture/dialect?dialect=7557
10,expressions,표현,existing_110,2,7496,하영,많이,adverb,Much,https://www.jeju.go.kr/api/culture/dialect?dialect=7496
10,expressions,표현,existing_110,3,7564,옵서,오다,interjection,Come,https://www.jeju.go.kr/api/culture/dialect?dialect=7564
10,expressions,표현,existing_110,4,7554,기여,그래,interjection,OK,https://www.jeju.go.kr/api/culture/dialect?dialect=7554
10,expressions,표현,existing_110,5,5707,이디,여기,pronoun,here,https://www.jeju.go.kr/api/culture/dialect?dialect=5707
10,expressions,표현,existing_110,6,5709,저디,저기,pronoun,there,https://www.jeju.go.kr/api/culture/dialect?dialect=5709
10,expressions,표현,existing_110,7,5704,이거,이것,pronoun,this,https://www.jeju.go.kr/api/culture/dialect?dialect=5704
10,expressions,표현,existing_110,8,5696,누게,누구,pronoun,who,https://www.jeju.go.kr/api/culture/dialect?dialect=5696
10,expressions,표현,existing_110,9,5718,싯,셋,number,three,https://www.jeju.go.kr/api/culture/dialect?dialect=5718
10,expressions,표현,existing_110,10,5721,여답,여덟,number,eight,https://www.jeju.go.kr/api/culture/dialect?dialect=5721
11,culture,문화,existing_110,1,6067,허재비,허수아비,noun,a straw-toy,https://www.jeju.go.kr/api/culture/dialect?dialect=6067
11,culture,문화,existing_110,2,1857,코시,고사,noun,service,https://www.jeju.go.kr/api/culture/dialect?dialect=1857
11,culture,문화,existing_110,3,6073,개당,바닷가에 있는 당,noun,a shrine by the seashore,https://www.jeju.go.kr/api/culture/dialect?dialect=6073
11,culture,문화,existing_110,4,3335,정낭,제주식 나무 대문,noun,tree that crosses the garden instead of gate,https://www.jeju.go.kr/api/culture/dialect?dialect=3335
11,culture,문화,existing_110,5,5137,불턱,해녀들의 불 피우는 쉼터,noun,stack of stones for making a fire,https://www.jeju.go.kr/api/culture/dialect?dialect=5137
11,culture,문화,existing_110,6,1862,할망당,여신을 모신 당,noun,temple that worships female god,https://www.jeju.go.kr/api/culture/dialect?dialect=1862
11,culture,문화,existing_110,7,662,새서방,신랑,noun,groom,https://www.jeju.go.kr/api/culture/dialect?dialect=662
11,culture,문화,existing_110,8,7530,새각시,신부,noun,Bride,https://www.jeju.go.kr/api/culture/dialect?dialect=7530
11,culture,문화,existing_110,9,4066,촐,꼴,noun,like something,https://www.jeju.go.kr/api/culture/dialect?dialect=4066
11,culture,문화,existing_110,10,1649,휨,헤엄,noun,swimming,https://www.jeju.go.kr/api/culture/dialect?dialect=1649
12,pronouns,나와 너,expansion_290,1,5697,느,너,pronoun,you,https://www.jeju.go.kr/api/culture/dialect?dialect=5697
12,pronouns,나와 너,expansion_290,2,5694,너내,너희,pronoun,you (plural),https://www.jeju.go.kr/api/culture/dialect?dialect=5694
12,pronouns,나와 너,expansion_290,3,5691,거,그것,pronoun,that,https://www.jeju.go.kr/api/culture/dialect?dialect=5691
12,pronouns,나와 너,expansion_290,4,5708,저거,저것,pronoun,that one,https://www.jeju.go.kr/api/culture/dialect?dialect=5708
12,pronouns,나와 너,expansion_290,5,5701,무스거,무엇,pronoun,what,https://www.jeju.go.kr/api/culture/dialect?dialect=5701
12,pronouns,나와 너,expansion_290,6,7528,무신,무슨,pronoun,what kind of,https://www.jeju.go.kr/api/culture/dialect?dialect=7528
12,pronouns,나와 너,expansion_290,7,5716,선매,얼마,pronoun,how much,https://www.jeju.go.kr/api/culture/dialect?dialect=5716
12,pronouns,나와 너,expansion_290,8,5693,그디,거기,pronoun,there,https://www.jeju.go.kr/api/culture/dialect?dialect=5693
12,pronouns,나와 너,expansion_290,9,5703,요디,요기,pronoun,here (this place),https://www.jeju.go.kr/api/culture/dialect?dialect=5703
12,pronouns,나와 너,expansion_290,10,5714,멧,몇,number,how many,https://www.jeju.go.kr/api/culture/dialect?dialect=5714
13,talk,말 걸기,expansion_290,1,7555,날봅서,여보세요,interjection,hello / hey,https://www.jeju.go.kr/api/culture/dialect?dialect=7555
13,talk,말 걸기,expansion_290,2,7560,양,예,interjection,yes (to an elder),https://www.jeju.go.kr/api/culture/dialect?dialect=7560
13,talk,말 걸기,expansion_290,3,7563,예게,예예,interjection,"yes, yes",https://www.jeju.go.kr/api/culture/dialect?dialect=7563
13,talk,말 걸기,expansion_290,4,7561,어이,여보게,interjection,hey there,https://www.jeju.go.kr/api/culture/dialect?dialect=7561
13,talk,말 걸기,expansion_290,5,7552,겔쎄,글쎄,interjection,well,https://www.jeju.go.kr/api/culture/dialect?dialect=7552
13,talk,말 걸기,expansion_290,6,7551,게메,그러게,interjection,indeed,https://www.jeju.go.kr/api/culture/dialect?dialect=7551
13,talk,말 걸기,expansion_290,7,7550,게,그래,interjection,that's right,https://www.jeju.go.kr/api/culture/dialect?dialect=7550
13,talk,말 걸기,expansion_290,8,7553,그거무사,아뿔싸,interjection,oh no,https://www.jeju.go.kr/api/culture/dialect?dialect=7553
13,talk,말 걸기,expansion_290,9,7466,영판,아주,adverb,very,https://www.jeju.go.kr/api/culture/dialect?dialect=7466
13,talk,말 걸기,expansion_290,10,295,닐,내일,noun,tomorrow,https://www.jeju.go.kr/api/culture/dialect?dialect=295
14,verbs2,움직임 2,expansion_290,1,5916,귿다,걷다,verb,to walk,https://www.jeju.go.kr/api/culture/dialect?dialect=5916
14,verbs2,움직임 2,expansion_290,2,6928,드르쓰다,마시다,verb,to drink,https://www.jeju.go.kr/api/culture/dialect?dialect=6928
14,verbs2,움직임 2,expansion_290,3,7026,불르다,부르다,verb,to call,https://www.jeju.go.kr/api/culture/dialect?dialect=7026
14,verbs2,움직임 2,expansion_290,4,7107,지드리다,기다리다,verb,to wait,https://www.jeju.go.kr/api/culture/dialect?dialect=7107
14,verbs2,움직임 2,expansion_290,5,6977,몰르다,모르다,verb,to not know,https://www.jeju.go.kr/api/culture/dialect?dialect=6977
14,verbs2,움직임 2,expansion_290,6,7087,욜다,열다,verb,to open,https://www.jeju.go.kr/api/culture/dialect?dialect=7087
14,verbs2,움직임 2,expansion_290,7,6969,멘들다,만들다,verb,to make,https://www.jeju.go.kr/api/culture/dialect?dialect=6969
14,verbs2,움직임 2,expansion_290,8,7052,쌉다,싸우다,verb,to fight,https://www.jeju.go.kr/api/culture/dialect?dialect=7052
14,verbs2,움직임 2,expansion_290,9,7130,케다,캐다,verb,to dig up,https://www.jeju.go.kr/api/culture/dialect?dialect=7130
14,verbs2,움직임 2,expansion_290,10,6983,묻치다,묻다,verb,to ask,https://www.jeju.go.kr/api/culture/dialect?dialect=6983
15,adjectives2,상태 2,expansion_290,1,7289,족다,작다,adjective,small,https://www.jeju.go.kr/api/culture/dialect?dialect=7289
15,adjectives2,상태 2,expansion_290,2,7187,멥다,맵다,adjective,spicy,https://www.jeju.go.kr/api/culture/dialect?dialect=7187
15,adjectives2,상태 2,expansion_290,3,7263,얼다,춥다,adjective,cold,https://www.jeju.go.kr/api/culture/dialect?dialect=7263
15,adjectives2,상태 2,expansion_290,4,7165,궂다,나쁘다,adjective,bad,https://www.jeju.go.kr/api/culture/dialect?dialect=7165
15,adjectives2,상태 2,expansion_290,5,7338,훍다,굵다,adjective,thick,https://www.jeju.go.kr/api/culture/dialect?dialect=7338
15,adjectives2,상태 2,expansion_290,6,7297,지접다,뜨겁다,adjective,hot,https://www.jeju.go.kr/api/culture/dialect?dialect=7297
15,adjectives2,상태 2,expansion_290,7,7253,아깝다,귀엽다,adjective,cute,https://www.jeju.go.kr/api/culture/dialect?dialect=7253
15,adjectives2,상태 2,expansion_290,8,7248,실프다,싫다,adjective,dislike,https://www.jeju.go.kr/api/culture/dialect?dialect=7248
15,adjectives2,상태 2,expansion_290,9,7174,달르다,다르다,adjective,different,https://www.jeju.go.kr/api/culture/dialect?dialect=7174
15,adjectives2,상태 2,expansion_290,10,7175,두덥다,두껍다,adjective,thick (in depth),https://www.jeju.go.kr/api/culture/dialect?dialect=7175
16,sea,바다,expansion_290,1,148,바당,바다,noun,sea,https://www.jeju.go.kr/api/culture/dialect?dialect=148
16,sea,바다,expansion_290,2,5009,물질,해녀 잠수,noun,haenyeo diving,https://www.jeju.go.kr/api/culture/dialect?dialect=5009
16,sea,바다,expansion_290,3,2254,구제기,소라,noun,turban shell,https://www.jeju.go.kr/api/culture/dialect?dialect=2254
16,sea,바다,expansion_290,4,2253,구살,성게,noun,sea urchin,https://www.jeju.go.kr/api/culture/dialect?dialect=2253
16,sea,바다,expansion_290,5,2347,겡이,게,noun,crab,https://www.jeju.go.kr/api/culture/dialect?dialect=2347
16,sea,바다,expansion_290,6,2393,새위,새우,noun,shrimp,https://www.jeju.go.kr/api/culture/dialect?dialect=2393
16,sea,바다,expansion_290,7,2300,오징에,오징어,noun,squid,https://www.jeju.go.kr/api/culture/dialect?dialect=2300
16,sea,바다,expansion_290,8,2405,자리,자돔,noun,damselfish,https://www.jeju.go.kr/api/culture/dialect?dialect=2405
16,sea,바다,expansion_290,9,2394,셍성,옥돔,noun,tilefish,https://www.jeju.go.kr/api/culture/dialect?dialect=2394
16,sea,바다,expansion_290,10,81,개맡,포구,noun,port,https://www.jeju.go.kr/api/culture/dialect?dialect=81
17,weather,날씨,expansion_290,1,71,헤,해,noun,sun,https://www.jeju.go.kr/api/culture/dialect?dialect=71
17,weather,날씨,expansion_290,2,32,벨,별,noun,star,https://www.jeju.go.kr/api/culture/dialect?dialect=32
17,weather,날씨,expansion_290,3,6,노대,태풍,noun,typhoon,https://www.jeju.go.kr/api/culture/dialect?dialect=6
17,weather,날씨,expansion_290,4,61,줌벙이,가랑비,noun,drizzle,https://www.jeju.go.kr/api/culture/dialect?dialect=61
17,weather,날씨,expansion_290,5,48,쐬내기,소나기,noun,shower,https://www.jeju.go.kr/api/culture/dialect?dialect=48
17,weather,날씨,expansion_290,6,53,으남,안개,noun,fog,https://www.jeju.go.kr/api/culture/dialect?dialect=53
17,weather,날씨,expansion_290,7,41,상고지,무지개,noun,rainbow,https://www.jeju.go.kr/api/culture/dialect?dialect=41
17,weather,날씨,expansion_290,8,64,펀개,번개,noun,lightning,https://www.jeju.go.kr/api/culture/dialect?dialect=64
17,weather,날씨,expansion_290,9,36,빗주제,갑작비,noun,sudden rain,https://www.jeju.go.kr/api/culture/dialect?dialect=36
17,weather,날씨,expansion_290,10,19,동곳,고드름,noun,icicle,https://www.jeju.go.kr/api/culture/dialect?dialect=19
18,people2,사람과 가족 2,expansion_290,1,537,사름,사람,noun,person,https://www.jeju.go.kr/api/culture/dialect?dialect=537
18,people2,사람과 가족 2,expansion_290,2,502,메누리,며느리,noun,daughter-in-law,https://www.jeju.go.kr/api/culture/dialect?dialect=502
18,people2,사람과 가족 2,expansion_290,3,693,씨어멍,시어머니,noun,mother-in-law,https://www.jeju.go.kr/api/culture/dialect?dialect=693
18,people2,사람과 가족 2,expansion_290,4,692,씨아방,시아버지,noun,father-in-law,https://www.jeju.go.kr/api/culture/dialect?dialect=692
18,people2,사람과 가족 2,expansion_290,5,681,손지,손자,noun,grandson,https://www.jeju.go.kr/api/culture/dialect?dialect=681
18,people2,사람과 가족 2,expansion_290,6,646,부미,부모,noun,parents,https://www.jeju.go.kr/api/culture/dialect?dialect=646
18,people2,사람과 가족 2,expansion_290,7,664,성제,형제,noun,siblings,https://www.jeju.go.kr/api/culture/dialect?dialect=664
18,people2,사람과 가족 2,expansion_290,8,424,나그네,손님,noun,guest,https://www.jeju.go.kr/api/culture/dialect?dialect=424
18,people2,사람과 가족 2,expansion_290,9,725,예식,딸,noun,daughter,https://www.jeju.go.kr/api/culture/dialect?dialect=725
18,people2,사람과 가족 2,expansion_290,10,628,물애기,갓난아이,noun,infant,https://www.jeju.go.kr/api/culture/dialect?dialect=628
19,food2,밥상 2,expansion_290,1,3423,괴기,고기,noun,meat,https://www.jeju.go.kr/api/culture/dialect?dialect=3423
19,food2,밥상 2,expansion_290,2,3536,짐끼,김치,noun,kimchi,https://www.jeju.go.kr/api/culture/dialect?dialect=3536
19,food2,밥상 2,expansion_290,3,4345,지슬,감자,noun,potato,https://www.jeju.go.kr/api/culture/dialect?dialect=4345
19,food2,밥상 2,expansion_290,4,3473,물장,간장,noun,soy sauce,https://www.jeju.go.kr/api/culture/dialect?dialect=3473
19,food2,밥상 2,expansion_290,5,4607,지름,기름,noun,oil,https://www.jeju.go.kr/api/culture/dialect?dialect=4607
19,food2,밥상 2,expansion_290,6,6761,쉰다리,단술,noun,Jeju sweet rice drink,https://www.jeju.go.kr/api/culture/dialect?dialect=6761
19,food2,밥상 2,expansion_290,7,3449,된술,막걸리,noun,makgeolli,https://www.jeju.go.kr/api/culture/dialect?dialect=3449
19,food2,밥상 2,expansion_290,8,6763,식게,식혜,noun,sweet rice punch,https://www.jeju.go.kr/api/culture/dialect?dialect=6763
19,food2,밥상 2,expansion_290,9,6756,수에,순대,noun,sundae,https://www.jeju.go.kr/api/culture/dialect?dialect=6756
19,food2,밥상 2,expansion_290,10,3425,군것,간식,noun,snack,https://www.jeju.go.kr/api/culture/dialect?dialect=3425
20,land,집과 땅,expansion_290,1,3310,올래,집 가는 길,noun,path to the house,https://www.jeju.go.kr/api/culture/dialect?dialect=3310
20,land,집과 땅,expansion_290,2,215,질,길,noun,road,https://www.jeju.go.kr/api/culture/dialect?dialect=215
20,land,집과 땅,expansion_290,3,958,구덕,바구니,noun,basket,https://www.jeju.go.kr/api/culture/dialect?dialect=958
20,land,집과 땅,expansion_290,4,4004,자왈,덤불 숲,noun,shrub forest,https://www.jeju.go.kr/api/culture/dialect?dialect=4004
20,land,집과 땅,expansion_290,5,2560,남,나무,noun,tree,https://www.jeju.go.kr/api/culture/dialect?dialect=2560
20,land,집과 땅,expansion_290,6,4089,쿨,풀,noun,grass,https://www.jeju.go.kr/api/culture/dialect?dialect=4089
20,land,집과 땅,expansion_290,7,4370,고장,꽃,noun,flower,https://www.jeju.go.kr/api/culture/dialect?dialect=4370
20,land,집과 땅,expansion_290,8,108,따,땅,noun,land,https://www.jeju.go.kr/api/culture/dialect?dialect=108
20,land,집과 땅,expansion_290,9,4484,모살,모래,noun,sand,https://www.jeju.go.kr/api/culture/dialect?dialect=4484
20,land,집과 땅,expansion_290,10,6692,돌하르방,돌하르방,noun,stone grandfather statue,https://www.jeju.go.kr/api/culture/dialect?dialect=6692
21,verbs3,움직임 3,expansion_290,1,5827,께다,깨다,verb,to wake up,https://www.jeju.go.kr/api/culture/dialect?dialect=5827
21,verbs3,움직임 3,expansion_290,2,5830,께우다,깨우다,verb,to wake someone,https://www.jeju.go.kr/api/culture/dialect?dialect=5830
21,verbs3,움직임 3,expansion_290,3,6881,날르다,나르다,verb,to carry,https://www.jeju.go.kr/api/culture/dialect?dialect=6881
21,verbs3,움직임 3,expansion_290,4,6879,나무래다,나무라다,verb,to scold,https://www.jeju.go.kr/api/culture/dialect?dialect=6879
21,verbs3,움직임 3,expansion_290,5,6886,냉기다,남기다,verb,to leave behind,https://www.jeju.go.kr/api/culture/dialect?dialect=6886
21,verbs3,움직임 3,expansion_290,6,6884,내앋다,내놓다,verb,to put out,https://www.jeju.go.kr/api/culture/dialect?dialect=6884
21,verbs3,움직임 3,expansion_290,7,6883,내불다,내버리다,verb,to throw away,https://www.jeju.go.kr/api/culture/dialect?dialect=6883
21,verbs3,움직임 3,expansion_290,8,6891,넹기다,넘기다,verb,to pass over,https://www.jeju.go.kr/api/culture/dialect?dialect=6891
21,verbs3,움직임 3,expansion_290,9,7079,어우러지다,넘어지다,verb,to fall down,https://www.jeju.go.kr/api/culture/dialect?dialect=7079
21,verbs3,움직임 3,expansion_290,10,6894,늘루다,늘리다,verb,to increase,https://www.jeju.go.kr/api/culture/dialect?dialect=6894
22,verbs4,움직임 4,expansion_290,1,6960,맽기다,맡기다,verb,to entrust,https://www.jeju.go.kr/api/culture/dialect?dialect=6960
22,verbs4,움직임 4,expansion_290,2,6961,머물르다,머물다,verb,to stay,https://www.jeju.go.kr/api/culture/dialect?dialect=6961
22,verbs4,움직임 4,expansion_290,3,6962,머추다,멈추다,verb,to stop,https://www.jeju.go.kr/api/culture/dialect?dialect=6962
22,verbs4,움직임 4,expansion_290,4,6966,메꾸다,메우다,verb,to fill in,https://www.jeju.go.kr/api/culture/dialect?dialect=6966
22,verbs4,움직임 4,expansion_290,5,6975,몯다,모이다,verb,to gather,https://www.jeju.go.kr/api/culture/dialect?dialect=6975
22,verbs4,움직임 4,expansion_290,6,6968,메우다,모으다,verb,to collect,https://www.jeju.go.kr/api/culture/dialect?dialect=6968
22,verbs4,움직임 4,expansion_290,7,6923,되쓰다,뒤집다,verb,to flip,https://www.jeju.go.kr/api/culture/dialect?dialect=6923
22,verbs4,움직임 4,expansion_290,8,6926,둥글다,뒹굴다,verb,to roll about,https://www.jeju.go.kr/api/culture/dialect?dialect=6926
22,verbs4,움직임 4,expansion_290,9,7134,털어지다,떨어지다,verb,to fall,https://www.jeju.go.kr/api/culture/dialect?dialect=7134
22,verbs4,움직임 4,expansion_290,10,7014,벳기다,벗기다,verb,to peel / take off,https://www.jeju.go.kr/api/culture/dialect?dialect=7014
23,verbs5,움직임 5,expansion_290,1,7011,베우다,보이다,verb,to show / be seen,https://www.jeju.go.kr/api/culture/dialect?dialect=7011
23,verbs5,움직임 5,expansion_290,2,7022,부찌다,붙이다,verb,to attach,https://www.jeju.go.kr/api/culture/dialect?dialect=7022
23,verbs5,움직임 5,expansion_290,3,7029,비끼다,비키다,verb,to step aside,https://www.jeju.go.kr/api/culture/dialect?dialect=7029
23,verbs5,움직임 5,expansion_290,4,6987,밀리다,밀다,verb,to push,https://www.jeju.go.kr/api/culture/dialect?dialect=6987
23,verbs5,움직임 5,expansion_290,5,7001,발르다,바르다,verb,to spread / paste,https://www.jeju.go.kr/api/culture/dialect?dialect=7001
23,verbs5,움직임 5,expansion_290,6,7006,버이다,베다,verb,to cut,https://www.jeju.go.kr/api/culture/dialect?dialect=7006
23,verbs5,움직임 5,expansion_290,7,6918,데우치다,데치다,verb,to blanch,https://www.jeju.go.kr/api/culture/dialect?dialect=6918
23,verbs5,움직임 5,expansion_290,8,5845,고찌다,고치다,verb,to fix,https://www.jeju.go.kr/api/culture/dialect?dialect=5845
23,verbs5,움직임 5,expansion_290,9,7111,질들이다,길들이다,verb,to tame,https://www.jeju.go.kr/api/culture/dialect?dialect=7111
23,verbs5,움직임 5,expansion_290,10,7139,파장치다,끝내다,verb,to finish,https://www.jeju.go.kr/api/culture/dialect?dialect=7139
24,adj3,상태 3,expansion_290,1,7158,가벱다,가볍다,adjective,light,https://www.jeju.go.kr/api/culture/dialect?dialect=7158
24,adj3,상태 3,expansion_290,2,7267,여데다,같다,adjective,same,https://www.jeju.go.kr/api/culture/dialect?dialect=7267
24,adj3,상태 3,expansion_290,3,7209,베다,무겁다,adjective,heavy,https://www.jeju.go.kr/api/culture/dialect?dialect=7209
24,adj3,상태 3,expansion_290,4,7188,모지래다,모자라다,adjective,not enough,https://www.jeju.go.kr/api/culture/dialect?dialect=7188
24,adj3,상태 3,expansion_290,5,7214,보드랍다,부드럽다,adjective,soft,https://www.jeju.go.kr/api/culture/dialect?dialect=7214
24,adj3,상태 3,expansion_290,6,7179,두물다,드물다,adjective,rare,https://www.jeju.go.kr/api/culture/dialect?dialect=7179
24,adj3,상태 3,expansion_290,7,7258,야리다,여리다,adjective,tender,https://www.jeju.go.kr/api/culture/dialect?dialect=7258
24,adj3,상태 3,expansion_290,8,7239,싸무랍다,사납다,adjective,fierce,https://www.jeju.go.kr/api/culture/dialect?dialect=7239
24,adj3,상태 3,expansion_290,9,7242,쎄다,세다,adjective,strong,https://www.jeju.go.kr/api/culture/dialect?dialect=7242
24,adj3,상태 3,expansion_290,10,7215,보미다,낡다,adjective,worn out,https://www.jeju.go.kr/api/culture/dialect?dialect=7215
25,adv1,어찌 1,expansion_290,1,7353,깜째기,갑자기,adverb,suddenly,https://www.jeju.go.kr/api/culture/dialect?dialect=7353
25,adv1,어찌 1,expansion_290,2,7347,거꿀로,거꾸로,adverb,upside down,https://www.jeju.go.kr/api/culture/dialect?dialect=7347
25,adv1,어찌 1,expansion_290,3,7348,거쓴,얼른,adverb,quickly,https://www.jeju.go.kr/api/culture/dialect?dialect=7348
25,adv1,어찌 1,expansion_290,4,7358,곧작,곧장,adverb,straightaway,https://www.jeju.go.kr/api/culture/dialect?dialect=7358
25,adv1,어찌 1,expansion_290,5,7355,게민,그러면,adverb,then,https://www.jeju.go.kr/api/culture/dialect?dialect=7355
25,adv1,어찌 1,expansion_290,6,7351,게난,그러니까,adverb,so / therefore,https://www.jeju.go.kr/api/culture/dialect?dialect=7351
25,adv1,어찌 1,expansion_290,7,7361,그냥,그대로,adverb,as is,https://www.jeju.go.kr/api/culture/dialect?dialect=7361
25,adv1,어찌 1,expansion_290,8,7357,경,그렇게,adverb,like that,https://www.jeju.go.kr/api/culture/dialect?dialect=7357
25,adv1,어찌 1,expansion_290,9,7393,똑,꼭,adverb,exactly / surely,https://www.jeju.go.kr/api/culture/dialect?dialect=7393
25,adv1,어찌 1,expansion_290,10,7354,깨,꽤,adverb,quite,https://www.jeju.go.kr/api/culture/dialect?dialect=7354
26,adv2,어찌 2,expansion_290,1,7384,늦이,늦게,adverb,late,https://www.jeju.go.kr/api/culture/dialect?dialect=7384
26,adv2,어찌 2,expansion_290,2,7388,대걸롱,대강,adverb,roughly,https://www.jeju.go.kr/api/culture/dialect?dialect=7388
26,adv2,어찌 2,expansion_290,3,7391,데번에,한 번에,adverb,at once,https://www.jeju.go.kr/api/culture/dialect?dialect=7391
26,adv2,어찌 2,expansion_290,4,7417,미릇,미리,adverb,in advance,https://www.jeju.go.kr/api/culture/dialect?dialect=7417
26,adv2,어찌 2,expansion_290,5,7469,원체,원래,adverb,originally,https://www.jeju.go.kr/api/culture/dialect?dialect=7469
26,adv2,어찌 2,expansion_290,6,7444,쉬이,쉽게,adverb,easily,https://www.jeju.go.kr/api/culture/dialect?dialect=7444
26,adv2,어찌 2,expansion_290,7,7445,슬짝,슬그머니,adverb,stealthily,https://www.jeju.go.kr/api/culture/dialect?dialect=7445
26,adv2,어찌 2,expansion_290,8,7456,어떵,어떻게,adverb,how,https://www.jeju.go.kr/api/culture/dialect?dialect=7456
26,adv2,어찌 2,expansion_290,9,7459,어서라,어서,adverb,hurry / come on,https://www.jeju.go.kr/api/culture/dialect?dialect=7459
26,adv2,어찌 2,expansion_290,10,7490,천성,언제나,adverb,always,https://www.jeju.go.kr/api/culture/dialect?dialect=7490
27,body2,몸 2,expansion_290,1,2842,눈방울,눈동자,noun,pupil,https://www.jeju.go.kr/api/culture/dialect?dialect=2842
27,body2,몸 2,expansion_290,2,2839,눈두께,눈꺼풀,noun,eyelid,https://www.jeju.go.kr/api/culture/dialect?dialect=2839
27,body2,몸 2,expansion_290,3,2836,눈깍,눈초리,noun,corner of the eye,https://www.jeju.go.kr/api/culture/dialect?dialect=2836
27,body2,몸 2,expansion_290,4,3109,종애,종아리,noun,calf,https://www.jeju.go.kr/api/culture/dialect?dialect=3109
27,body2,몸 2,expansion_290,5,2829,귓자락,귓방울,noun,earlobe,https://www.jeju.go.kr/api/culture/dialect?dialect=2829
27,body2,몸 2,expansion_290,6,3003,세덩치,혀뿌리,noun,root of the tongue,https://www.jeju.go.kr/api/culture/dialect?dialect=3003
27,body2,몸 2,expansion_290,7,3171,허벅다리,넓적다리,noun,thigh,https://www.jeju.go.kr/api/culture/dialect?dialect=3171
27,body2,몸 2,expansion_290,8,3088,입개미,입아귀,noun,corner of the mouth,https://www.jeju.go.kr/api/culture/dialect?dialect=3088
27,body2,몸 2,expansion_290,9,2885,뒷고개,뒷덜미,noun,nape,https://www.jeju.go.kr/api/culture/dialect?dialect=2885
27,body2,몸 2,expansion_290,10,3011,손등어리,손등,noun,back of the hand,https://www.jeju.go.kr/api/culture/dialect?dialect=3011
28,people3,사람과 가족 3,expansion_290,1,432,냄편,남편,noun,husband,https://www.jeju.go.kr/api/culture/dialect?dialect=432
28,people3,사람과 가족 3,expansion_290,2,448,늑신이,늙은이,noun,old person,https://www.jeju.go.kr/api/culture/dialect?dialect=448
28,people3,사람과 가족 3,expansion_290,3,690,씨누이,시누이,noun,sister-in-law,https://www.jeju.go.kr/api/culture/dialect?dialect=690
28,people3,사람과 가족 3,expansion_290,4,636,방세임,아가씨,noun,young lady,https://www.jeju.go.kr/api/culture/dialect?dialect=636
28,people3,사람과 가족 3,expansion_290,5,2710,으른,어른,noun,adult,https://www.jeju.go.kr/api/culture/dialect?dialect=2710
28,people3,사람과 가족 3,expansion_290,6,718,얼애,어린애,noun,child,https://www.jeju.go.kr/api/culture/dialect?dialect=718
28,people3,사람과 가족 3,expansion_290,7,653,비바리,처녀,noun,unmarried woman,https://www.jeju.go.kr/api/culture/dialect?dialect=653
28,people3,사람과 가족 3,expansion_290,8,2770,쥐인,주인,noun,owner,https://www.jeju.go.kr/api/culture/dialect?dialect=2770
28,people3,사람과 가족 3,expansion_290,9,6706,처아주망,처제,noun,wife's younger sister,https://www.jeju.go.kr/api/culture/dialect?dialect=6706
28,people3,사람과 가족 3,expansion_290,10,6705,처아주마님,처형,noun,wife's older sister,https://www.jeju.go.kr/api/culture/dialect?dialect=6705
29,living,옷과 살림,expansion_290,1,3312,와채,기와집,noun,tile-roofed house,https://www.jeju.go.kr/api/culture/dialect?dialect=3312
29,living,옷과 살림,expansion_290,2,3242,벌름,방앗간,noun,mill,https://www.jeju.go.kr/api/culture/dialect?dialect=3242
29,living,옷과 살림,expansion_290,3,3274,상자리,정자,noun,pavilion,https://www.jeju.go.kr/api/culture/dialect?dialect=3274
29,living,옷과 살림,expansion_290,4,3333,접담,절,noun,temple,https://www.jeju.go.kr/api/culture/dialect?dialect=3333
29,living,옷과 살림,expansion_290,5,808,사포,모자,noun,hat,https://www.jeju.go.kr/api/culture/dialect?dialect=808
29,living,옷과 살림,expansion_290,6,838,치메,치마,noun,skirt,https://www.jeju.go.kr/api/culture/dialect?dialect=838
29,living,옷과 살림,expansion_290,7,1421,주멩기,주머니,noun,pocket,https://www.jeju.go.kr/api/culture/dialect?dialect=1421
29,living,옷과 살림,expansion_290,8,776,단취,단추,noun,button,https://www.jeju.go.kr/api/culture/dialect?dialect=776
29,living,옷과 살림,expansion_290,9,753,게화,호주머니,noun,pouch,https://www.jeju.go.kr/api/culture/dialect?dialect=753
29,living,옷과 살림,expansion_290,10,757,곤옷,고운 옷,noun,fine clothes,https://www.jeju.go.kr/api/culture/dialect?dialect=757
30,kitchen,부엌,expansion_290,1,3640,바농,바늘,noun,needle,https://www.jeju.go.kr/api/culture/dialect?dialect=3640
30,kitchen,부엌,expansion_290,2,1265,씰,실,noun,thread,https://www.jeju.go.kr/api/culture/dialect?dialect=1265
30,kitchen,부엌,expansion_290,3,1309,주전지,주전자,noun,kettle,https://www.jeju.go.kr/api/culture/dialect?dialect=1309
30,kitchen,부엌,expansion_290,4,1232,숟구락,숟가락,noun,spoon,https://www.jeju.go.kr/api/culture/dialect?dialect=1232
30,kitchen,부엌,expansion_290,5,1333,추니,항아리,noun,jar,https://www.jeju.go.kr/api/culture/dialect?dialect=1333
30,kitchen,부엌,expansion_290,6,1222,섹경,거울,noun,mirror,https://www.jeju.go.kr/api/culture/dialect?dialect=1222
30,kitchen,부엌,expansion_290,7,3284,솥덕,부뚜막,noun,hearth,https://www.jeju.go.kr/api/culture/dialect?dialect=3284
30,kitchen,부엌,expansion_290,8,6770,안쥐,안주,noun,food with drinks,https://www.jeju.go.kr/api/culture/dialect?dialect=6770
30,kitchen,부엌,expansion_290,9,6774,언물,찬물,noun,cold water,https://www.jeju.go.kr/api/culture/dialect?dialect=6774
30,kitchen,부엌,expansion_290,10,6749,소곰쿡,소금국,noun,salt soup,https://www.jeju.go.kr/api/culture/dialect?dialect=6749
31,weather2,날씨 2,expansion_290,1,70,험벅눈,함박눈,noun,heavy snowflakes,https://www.jeju.go.kr/api/culture/dialect?dialect=70
31,weather2,날씨 2,expansion_290,2,72,헤돋이,해돋이,noun,sunrise,https://www.jeju.go.kr/api/culture/dialect?dialect=72
31,weather2,날씨 2,expansion_290,3,35,빗살,빗방울,noun,raindrop,https://www.jeju.go.kr/api/culture/dialect?dialect=35
31,weather2,날씨 2,expansion_290,4,28,무눈,눈비,noun,sleet,https://www.jeju.go.kr/api/culture/dialect?dialect=28
31,weather2,날씨 2,expansion_290,5,62,진벵이,진눈깨비,noun,sleet,https://www.jeju.go.kr/api/culture/dialect?dialect=62
31,weather2,날씨 2,expansion_290,6,2,강쳉이,갑작 폭풍,noun,sudden storm,https://www.jeju.go.kr/api/culture/dialect?dialect=2
31,weather2,날씨 2,expansion_290,7,261,우녁,위쪽,noun,upper side,https://www.jeju.go.kr/api/culture/dialect?dialect=261
31,weather2,날씨 2,expansion_290,8,257,알,아래,noun,below,https://www.jeju.go.kr/api/culture/dialect?dialect=257
31,weather2,날씨 2,expansion_290,9,29,미릿내,은하수,noun,Milky Way,https://www.jeju.go.kr/api/culture/dialect?dialect=29
31,weather2,날씨 2,expansion_290,10,73,헷갓,햇무리,noun,solar halo,https://www.jeju.go.kr/api/culture/dialect?dialect=73
32,animals2,동물 2,expansion_290,1,2126,산톳,멧돼지,noun,wild boar,https://www.jeju.go.kr/api/culture/dialect?dialect=2126
32,animals2,동물 2,expansion_290,2,2154,식,삵,noun,leopard cat,https://www.jeju.go.kr/api/culture/dialect?dialect=2154
32,animals2,동물 2,expansion_290,3,2202,일희,이리,noun,wolf,https://www.jeju.go.kr/api/culture/dialect?dialect=2202
32,animals2,동물 2,expansion_290,4,2149,수코냉이,수고양이,noun,tomcat,https://www.jeju.go.kr/api/culture/dialect?dialect=2149
32,animals2,동물 2,expansion_290,5,2165,암톳,암퇘지,noun,sow,https://www.jeju.go.kr/api/culture/dialect?dialect=2165
32,animals2,동물 2,expansion_290,6,2150,수톳,수퇘지,noun,boar,https://www.jeju.go.kr/api/culture/dialect?dialect=2150
32,animals2,동물 2,expansion_290,7,2091,벡돗,흰돼지,noun,white pig,https://www.jeju.go.kr/api/culture/dialect?dialect=2091
32,animals2,동물 2,expansion_290,8,2167,어럭개,얼룩개,noun,spotted dog,https://www.jeju.go.kr/api/culture/dialect?dialect=2167
32,animals2,동물 2,expansion_290,9,2016,땅강생이,발바리,noun,small dog,https://www.jeju.go.kr/api/culture/dialect?dialect=2016
32,animals2,동물 2,expansion_290,10,1752,가냐귀,까마귀,noun,crow,https://www.jeju.go.kr/api/culture/dialect?dialect=1752
33,plants2,식물 2,expansion_290,1,6052,게가비,개나리,noun,forsythia,https://www.jeju.go.kr/api/culture/dialect?dialect=6052
33,plants2,식물 2,expansion_290,2,4447,제지,겨자,noun,mustard,https://www.jeju.go.kr/api/culture/dialect?dialect=4447
33,plants2,식물 2,expansion_290,3,6108,고베기,고비,noun,bracken,https://www.jeju.go.kr/api/culture/dialect?dialect=6108
33,plants2,식물 2,expansion_290,4,6025,돔박낭,동백나무,noun,camellia,https://www.jeju.go.kr/api/culture/dialect?dialect=6025
33,plants2,식물 2,expansion_290,5,2679,넙곽,다시마,noun,kelp,https://www.jeju.go.kr/api/culture/dialect?dialect=2679
33,plants2,식물 2,expansion_290,6,2561,남초,담배,noun,tobacco,https://www.jeju.go.kr/api/culture/dialect?dialect=2561
33,plants2,식물 2,expansion_290,7,4184,땅콩,땅콩,noun,peanut,https://www.jeju.go.kr/api/culture/dialect?dialect=4184
33,plants2,식물 2,expansion_290,8,4266,지장,기장,noun,millet,https://www.jeju.go.kr/api/culture/dialect?dialect=4266
33,plants2,식물 2,expansion_290,9,2672,낭쎂,나뭇잎,noun,leaf,https://www.jeju.go.kr/api/culture/dialect?dialect=2672
33,plants2,식물 2,expansion_290,10,4152,강낭콩,강낭콩,noun,kidney bean,https://www.jeju.go.kr/api/culture/dialect?dialect=4152
34,farm2,농사 2,expansion_290,1,1529,논갊,논갈이,noun,rice-paddy plowing,https://www.jeju.go.kr/api/culture/dialect?dialect=1529
34,farm2,농사 2,expansion_290,2,1551,묏자리,못자리,noun,rice nursery,https://www.jeju.go.kr/api/culture/dialect?dialect=1551
34,farm2,농사 2,expansion_290,3,1561,벳,볏,noun,rice straw,https://www.jeju.go.kr/api/culture/dialect?dialect=1561
34,farm2,농사 2,expansion_290,4,1694,질메,길마,noun,packsaddle,https://www.jeju.go.kr/api/culture/dialect?dialect=1694
34,farm2,농사 2,expansion_290,5,1488,갊,갈이,noun,plowing,https://www.jeju.go.kr/api/culture/dialect?dialect=1488
34,farm2,농사 2,expansion_290,6,1385,곰배,흙방망이,noun,dirt mallet,https://www.jeju.go.kr/api/culture/dialect?dialect=1385
34,farm2,농사 2,expansion_290,7,1697,촐눌,꼴 더미,noun,haystack,https://www.jeju.go.kr/api/culture/dialect?dialect=1697
34,farm2,농사 2,expansion_290,8,1693,찍단,짚단,noun,straw bundle,https://www.jeju.go.kr/api/culture/dialect?dialect=1693
34,farm2,농사 2,expansion_290,9,1388,그르팥,가을 밭,noun,autumn field,https://www.jeju.go.kr/api/culture/dialect?dialect=1388
34,farm2,농사 2,expansion_290,10,1516,드르팥,들판 밭,noun,field in the plains,https://www.jeju.go.kr/api/culture/dialect?dialect=1516
35,time,때와 수,expansion_290,1,327,아적,아침,noun,morning,https://www.jeju.go.kr/api/culture/dialect?dialect=327
35,time,때와 수,expansion_290,2,350,저냑,저녁,noun,evening,https://www.jeju.go.kr/api/culture/dialect?dialect=350
35,time,때와 수,expansion_290,3,4837,내중,나중,noun,later,https://www.jeju.go.kr/api/culture/dialect?dialect=4837
35,time,때와 수,expansion_290,4,5715,벡,백,number,hundred,https://www.jeju.go.kr/api/culture/dialect?dialect=5715
35,time,때와 수,expansion_290,5,5717,쑤물,스물,number,twenty,https://www.jeju.go.kr/api/culture/dialect?dialect=5717
35,time,때와 수,expansion_290,6,5722,여쉰,예순,number,sixty,https://www.jeju.go.kr/api/culture/dialect?dialect=5722
35,time,때와 수,expansion_290,7,7471,이디저디,여기저기,adverb,here and there,https://www.jeju.go.kr/api/culture/dialect?dialect=7471
35,time,때와 수,expansion_290,8,235,가온대,가운데,noun,middle,https://www.jeju.go.kr/api/culture/dialect?dialect=235
35,time,때와 수,expansion_290,9,4536,깝,값,noun,price,https://www.jeju.go.kr/api/culture/dialect?dialect=4536
35,time,때와 수,expansion_290,10,1641,척,책,noun,book,https://www.jeju.go.kr/api/culture/dialect?dialect=1641
36,talk2,말 걸기 2,expansion_290,1,7462,역부로,일부러,adverb,on purpose,https://www.jeju.go.kr/api/culture/dialect?dialect=7462
36,talk2,말 걸기 2,expansion_290,2,7477,제나,제발,adverb,please,https://www.jeju.go.kr/api/culture/dialect?dialect=7477
36,talk2,말 걸기 2,expansion_290,3,7482,진직,진작,adverb,already / earlier,https://www.jeju.go.kr/api/culture/dialect?dialect=7482
36,talk2,말 걸기 2,expansion_290,4,7463,영,이렇게,adverb,like this,https://www.jeju.go.kr/api/culture/dialect?dialect=7463
36,talk2,말 걸기 2,expansion_290,5,7362,그냥저냥,그럭저럭,adverb,somehow,https://www.jeju.go.kr/api/culture/dialect?dialect=7362
36,talk2,말 걸기 2,expansion_290,6,7364,그마니,그만큼,adverb,that much,https://www.jeju.go.kr/api/culture/dialect?dialect=7364
36,talk2,말 걸기 2,expansion_290,7,7472,이레저레,이리저리,adverb,this way and that,https://www.jeju.go.kr/api/culture/dialect?dialect=7472
36,talk2,말 걸기 2,expansion_290,8,7480,졸바로,올바르게,adverb,properly,https://www.jeju.go.kr/api/culture/dialect?dialect=7480
36,talk2,말 걸기 2,expansion_290,9,7432,부끄러이,부끄럽게,adverb,shyly,https://www.jeju.go.kr/api/culture/dialect?dialect=7432
36,talk2,말 걸기 2,expansion_290,10,7383,느런이,나란히,adverb,side by side,https://www.jeju.go.kr/api/culture/dialect?dialect=7383
37,objects,물건,expansion_290,1,299,돗,돌,noun,stone,https://www.jeju.go.kr/api/culture/dialect?dialect=299
37,objects,물건,expansion_290,2,4624,짓,집,noun,house,https://www.jeju.go.kr/api/culture/dialect?dialect=4624
37,objects,물건,expansion_290,3,1914,생이,새,noun,bird,https://www.jeju.go.kr/api/culture/dialect?dialect=1914
37,objects,물건,expansion_290,4,1465,펭,병,noun,bottle,https://www.jeju.go.kr/api/culture/dialect?dialect=1465
37,objects,물건,expansion_290,5,1361,호미,낫,noun,sickle,https://www.jeju.go.kr/api/culture/dialect?dialect=1361
37,objects,물건,expansion_290,6,926,갈퀴,갈고리,noun,rake / hook,https://www.jeju.go.kr/api/culture/dialect?dialect=926
37,objects,물건,expansion_290,7,1005,남푸등,등잔,noun,lamp,https://www.jeju.go.kr/api/culture/dialect?dialect=1005
37,objects,물건,expansion_290,8,3332,절간,가게,noun,shop,https://www.jeju.go.kr/api/culture/dialect?dialect=3332
37,objects,물건,expansion_290,9,1298,제,젓가락,noun,chopsticks,https://www.jeju.go.kr/api/culture/dialect?dialect=1298
37,objects,물건,expansion_290,10,2718,이사,의사,noun,doctor,https://www.jeju.go.kr/api/culture/dialect?dialect=2718
38,plants3,식물 3,expansion_290,1,2648,굴낭,굴피나무,noun,coreana,https://www.jeju.go.kr/api/culture/dialect?dialect=2648
38,plants3,식물 3,expansion_290,2,6126,꽝낭,꽝꽝나무,noun,japanese privet,https://www.jeju.go.kr/api/culture/dialect?dialect=6126
38,plants3,식물 3,expansion_290,3,6007,녹낭,녹나무,noun,Cinnamomum camphora,https://www.jeju.go.kr/api/culture/dialect?dialect=6007
38,plants3,식물 3,expansion_290,4,4021,제피,계피,noun,cinnamon,https://www.jeju.go.kr/api/culture/dialect?dialect=4021
38,plants3,식물 3,expansion_290,5,2568,낭절,나뭇결,noun,wood,https://www.jeju.go.kr/api/culture/dialect?dialect=2568
38,plants3,식물 3,expansion_290,6,6121,솔낭,곰솔,noun,Black Pine,https://www.jeju.go.kr/api/culture/dialect?dialect=6121
38,plants3,식물 3,expansion_290,7,2552,그르,그루,noun,stump,https://www.jeju.go.kr/api/culture/dialect?dialect=2552
38,plants3,식물 3,expansion_290,8,6114,고소,고삼,noun,Lightyellow Sophora,https://www.jeju.go.kr/api/culture/dialect?dialect=6114
38,plants3,식물 3,expansion_290,9,3777,못꼿,꿀풀,noun,honey grass,https://www.jeju.go.kr/api/culture/dialect?dialect=3777
38,plants3,식물 3,expansion_290,10,4098,토란,도라지,noun,Chinese balloonflower,https://www.jeju.go.kr/api/culture/dialect?dialect=4098
39,animals3,동물 3,expansion_290,1,2056,물쇠,물소,noun,water cow,https://www.jeju.go.kr/api/culture/dialect?dialect=2056
39,animals3,동물 3,expansion_290,2,2022,검은돗,검은 돼지,noun,black pig,https://www.jeju.go.kr/api/culture/dialect?dialect=2022
39,animals3,동물 3,expansion_290,3,2168,어럭돗,얼룩돼지,noun,spotted pig,https://www.jeju.go.kr/api/culture/dialect?dialect=2168
39,animals3,동물 3,expansion_290,4,2140,검은쇠,검은 소,noun,black cow,https://www.jeju.go.kr/api/culture/dialect?dialect=2140
39,animals3,동물 3,expansion_290,5,2295,술래미,가자미,noun,flat fish,https://www.jeju.go.kr/api/culture/dialect?dialect=2295
39,animals3,동물 3,expansion_290,6,2416,흑돔,검은 도미,noun,black red snapper,https://www.jeju.go.kr/api/culture/dialect?dialect=2416
39,animals3,동물 3,expansion_290,7,2268,메홍이,주리고둥,noun,type of fish,https://www.jeju.go.kr/api/culture/dialect?dialect=2268
39,animals3,동물 3,expansion_290,8,2474,서미역,진디,noun,aphid,https://www.jeju.go.kr/api/culture/dialect?dialect=2474
39,animals3,동물 3,expansion_290,9,2582,수펄,숫벌,noun,male bee,https://www.jeju.go.kr/api/culture/dialect?dialect=2582
39,animals3,동물 3,expansion_290,10,2025,슥돗,섞인 돼지,noun,mixed color pig,https://www.jeju.go.kr/api/culture/dialect?dialect=2025
40,daily,일상,expansion_290,1,5100,부끌래기,거품,noun,foam,https://www.jeju.go.kr/api/culture/dialect?dialect=5100
40,daily,일상,expansion_290,2,877,뱅고리,가락,noun,baeng-goli,https://www.jeju.go.kr/api/culture/dialect?dialect=877
40,daily,일상,expansion_290,3,4546,거레,거래,noun,trade,https://www.jeju.go.kr/api/culture/dialect?dialect=4546
40,daily,일상,expansion_290,4,4553,거짓거,가짜,noun,fake,https://www.jeju.go.kr/api/culture/dialect?dialect=4553
40,daily,일상,expansion_290,5,5675,훈적,거짓말,noun,lie,https://www.jeju.go.kr/api/culture/dialect?dialect=5675
40,daily,일상,expansion_290,6,4531,간세,게으름,noun,laziness,https://www.jeju.go.kr/api/culture/dialect?dialect=4531
40,daily,일상,expansion_290,7,5188,서베,세배,noun,bowing to elderly on the holidays,https://www.jeju.go.kr/api/culture/dialect?dialect=5188
40,daily,일상,expansion_290,8,3478,밥방울,밥알,noun,rice flakes,https://www.jeju.go.kr/api/culture/dialect?dialect=3478
40,daily,일상,expansion_290,9,1285,우굼,밥주걱,noun,rice spatula,https://www.jeju.go.kr/api/culture/dialect?dialect=1285
40,daily,일상,expansion_290,10,3707,수제,수저,noun,spoon and chopsticks,https://www.jeju.go.kr/api/culture/dialect?dialect=3707
